category,path,size_mb,ext
acquired,acquired\acquisition_summary.json,0.0,.json
acquired,acquired\deep_acquisition_log.json,0.01,.json
acquired,acquired\BEVFormer_2203.17270.json,0.0,.json
acquired,acquired\SparseAD_2404.06892.json,0.0,.json
acquired,acquired\EventCamera_1711.01458.json,0.0,.json
acquired,acquired\LoihiFusion_2408.16096.json,0.0,.json
acquired,acquired\WeatherRobustness_2206.09907.json,0.0,.json
acquired,acquired\SparseBEV_2303.08605.json,0.0,.json
acquired,acquired\Sparse4D_2311.11722.json,0.0,.json
acquired,acquired\BEVDet_2112.11790.json,0.0,.json
acquired,acquired\MonoBEV_2403.12345.json,0.0,.json
acquired,acquired\core_papers.json,0.01,.json
acquired,acquired\semantickitti_main.html,0.02,.html
acquired,acquired\semantickitti_tasks.html,0.07,.html
acquired,acquired\rellis3d_repo.json,0.01,.json
acquired,acquired\rellis3d_readme.json,0.03,.json
acquired,acquired\tartandrive2_main.html,0.02,.html
acquired,acquired\extended_literature.json,0.07,.json
acquired,acquired\all_papers.json,0.08,.json
acquired,acquired\papers_index.csv,0.01,.csv
acquired,acquired\acquisition_log.txt,0.0,.txt
arxiv,crawled\arxiv\bevformer_api.xml,0.0,.xml
arxiv,crawled\arxiv\bevformer_parsed.json,0.0,.json
arxiv,crawled\arxiv\fast_bev_api.xml,0.0,.xml
arxiv,crawled\arxiv\fast_bev_parsed.json,0.0,.json
arxiv,crawled\arxiv\sparsead_api.xml,0.0,.xml
arxiv,crawled\arxiv\sparsead_parsed.json,0.0,.json
arxiv,crawled\arxiv\sparsebev_api.xml,0.0,.xml
arxiv,crawled\arxiv\sparsebev_parsed.json,0.0,.json
arxiv,crawled\arxiv\sparse4d_v2_api.xml,0.0,.xml
arxiv,crawled\arxiv\sparse4d_v2_parsed.json,0.0,.json
arxiv,crawled\arxiv\event_camera_api.xml,0.0,.xml
arxiv,crawled\arxiv\event_camera_parsed.json,0.0,.json
arxiv,crawled\arxiv\loihi_fusion_api.xml,0.0,.xml
arxiv,crawled\arxiv\loihi_fusion_parsed.json,0.0,.json
arxiv,crawled\arxiv\weather_offroad_api.xml,0.0,.xml
arxiv,crawled\arxiv\weather_offroad_parsed.json,0.0,.json
arxiv,crawled\arxiv\meanfield_pde_api.xml,0.0,.xml
arxiv,crawled\arxiv\meanfield_pde_parsed.json,0.0,.json
arxiv,crawled\arxiv\sn_survey_api.xml,0.0,.xml
arxiv,crawled\arxiv\sn_survey_parsed.json,0.0,.json
arxiv,crawled\arxiv\admm_boyd_api.xml,0.0,.xml
arxiv,crawled\arxiv\search_rural_seg_bev.xml,0.0,.xml
arxiv,crawled\arxiv\search_offroad_perception.xml,0.04,.xml
arxiv,crawled\arxiv\search_terrain_edge_detect.xml,0.04,.xml
arxiv,crawled\arxiv\search_riemannian_manifold_learn.xml,0.04,.xml
arxiv,crawled\arxiv\all_papers_index.json,0.01,.json
arxiv,crawled\arxiv\2404.06892.json,0.0,.json
arxiv,crawled\arxiv\2203.17270.json,0.0,.json
arxiv,crawled\arxiv\2305.13859.json,0.0,.json
arxiv,crawled\arxiv\2304.12356.json,0.0,.json
arxiv,crawled\arxiv\2312.08442.json,0.0,.json
arxiv,crawled\arxiv\1711.01458.json,0.0,.json
arxiv,crawled\arxiv\2408.16096.json,0.0,.json
arxiv,crawled\arxiv\2206.09907.json,0.0,.json
arxiv,crawled\arxiv\2309.15654.json,0.0,.json
arxiv,crawled\arxiv\2402.06600.json,0.0,.json
arxiv,crawled\arxiv\2104.13283.json,0.0,.json
arxiv,crawled\arxiv\2308.07897.json,0.0,.json
arxiv,crawled\arxiv\search_rural_bev_v2.xml,0.07,.xml
arxiv,crawled\arxiv\search_offroad_semantic.xml,0.07,.xml
arxiv,crawled\arxiv\search_lidar_bev_terrain.xml,0.07,.xml
arxiv,crawled\arxiv\search_event_camera_driving.xml,0.07,.xml
arxiv,crawled\arxiv\search_sparse_query_detector.xml,0.07,.xml
arxiv,crawled\arxiv\search_riemannian_dl.xml,0.07,.xml
arxiv,crawled\arxiv\search_neuromorphic_robotics.xml,0.08,.xml
arxiv,crawled\arxiv\search_pde_neural_field.xml,0.07,.xml
arxiv,crawled\arxiv\search_edge_av_perception.xml,0.08,.xml
arxiv,crawled\arxiv\search_multisensor_offroad.xml,0.07,.xml
arxiv,crawled\arxiv\search_inr_av.xml,0.07,.xml
arxiv,crawled\arxiv\search_variational_cv3d.xml,0.08,.xml
arxiv,crawled\arxiv\2404.06892_v2.xml,0.0,.xml
arxiv,crawled\arxiv\2203.17270_v2.xml,0.0,.xml
arxiv,crawled\arxiv\2408.16096_v2.xml,0.0,.xml
arxiv,crawled\arxiv\2206.09907_v2.xml,0.0,.xml
arxiv,crawled\arxiv\1711.01458_v2.xml,0.0,.xml
arxiv,crawled\arxiv\2308.09244_v2.xml,0.0,.xml
arxiv,crawled\arxiv\2409.09350_v2.xml,0.0,.xml
arxiv,crawled\arxiv\2211.14710_v2.xml,0.0,.xml
arxiv,crawled\arxiv\2304.08463_v2.xml,0.0,.xml
arxiv,crawled\arxiv\2404.01586_v2.xml,0.0,.xml
arxiv,crawled\arxiv\2104.13283_v2.xml,0.0,.xml
arxiv,crawled\arxiv\2512.08237_v2.xml,0.0,.xml
arxiv,crawled\arxiv\paper_metadata_deep.json,0.01,.json
arxiv,acquired\arxiv\query_Riemannian_manifold_BEV_perception.xml,0.04,.xml
arxiv,acquired\arxiv\query_sparse_query_BEV_autonomous_driving.xml,0.05,.xml
arxiv,acquired\arxiv\query_variational_PDE_implicit_neural_field.xml,0.05,.xml
arxiv,acquired\arxiv\query_neuromorphic_computing_perception.xml,0.06,.xml
arxiv,acquired\arxiv\query_event_camera_autonomous_driving_perception.xml,0.04,.xml
arxiv,acquired\arxiv\query_BEV_perception_off-road_rural.xml,0.04,.xml
arxiv,acquired\arxiv\query_3D_object_detection_LiDAR_BEV.xml,0.04,.xml
arxiv,acquired\arxiv\query_semantic_segmentation_autonomous_driving_BEV.xml,0.04,.xml
arxiv,acquired\arxiv\query_geometric_deep_learning_manifold.xml,0.04,.xml
arxiv,acquired\arxiv\query_edge_computing_autonomous_driving_energy_efficient.xml,0.04,.xml
arxiv,acquired\arxiv\query_terrain_perception_neural_field.xml,0.03,.xml
arxiv,acquired\arxiv\query_reaction_diffusion_computer_vision.xml,0.04,.xml
arxiv,acquired\arxiv\query_spiking_neural_network_autonomous_driving.xml,0.04,.xml
arxiv,acquired\arxiv\query_manifold_optimization_ADMM.xml,0.03,.xml
arxiv,acquired\arxiv\query_multi-sensor_fusion_edge_device.xml,0.04,.xml
arxiv,acquired\arxiv\all_papers.json,0.14,.json
arxiv,acquired\arxiv\BEVFormer_2203.17270.xml,0.0,.xml
arxiv,acquired\arxiv\SparseAD_2404.06892.xml,0.0,.xml
arxiv,acquired\arxiv\EventCamera_1711.01458.xml,0.0,.xml
arxiv,acquired\arxiv\LoihiFusion_2408.16096.xml,0.0,.xml
arxiv,acquired\arxiv\WeatherRobustness_2206.09907.xml,0.0,.xml
arxiv,acquired\arxiv\extra_2305.13859.xml,0.0,.xml
arxiv,acquired\arxiv\extra_2401.00001.xml,0.0,.xml
arxiv,acquired\arxiv\extra_2312.00001.xml,0.0,.xml
arxiv,acquired\arxiv\BEVFormer_2203.17270.pdf,4.74,.pdf
arxiv,acquired\arxiv\BEVFormer_2203.17270.html,0.04,.html
arxiv,acquired\arxiv\SparseAD_2404.06892.pdf,25.58,.pdf
arxiv,acquired\arxiv\SparseAD_2404.06892.html,0.04,.html
arxiv,acquired\arxiv\EventCamera_1711.01458.pdf,0.82,.pdf
arxiv,acquired\arxiv\EventCamera_1711.01458.html,0.04,.html
arxiv,acquired\arxiv\LoihiFusion_2408.16096.pdf,0.93,.pdf
arxiv,acquired\arxiv\LoihiFusion_2408.16096.html,0.04,.html
arxiv,acquired\arxiv\WeatherRobustness_2206.09907.pdf,2.77,.pdf
arxiv,acquired\arxiv\WeatherRobustness_2206.09907.html,0.04,.html
arxiv,acquired\arxiv\SparseBEV_2308.09244.pdf,4.11,.pdf
arxiv,acquired\arxiv\SparseBEV_2308.09244.html,0.04,.html
arxiv,acquired\arxiv\BEVDet_2112.11790.pdf,0.58,.pdf
arxiv,acquired\arxiv\BEVDet_2112.11790.html,0.04,.html
arxiv,acquired\arxiv\MonoBEV_2410.06516.pdf,2.99,.pdf
arxiv,acquired\arxiv\MonoBEV_2410.06516.html,0.04,.html
arxiv,acquired\arxiv\Sparse4D_2311.11722.pdf,1.1,.pdf
arxiv,acquired\arxiv\Sparse4D_2311.11722.html,0.04,.html
arxiv,acquired\arxiv\Petr3D_2203.05625.pdf,4.35,.pdf
arxiv,acquired\arxiv\Petr3D_2203.05625.html,0.04,.html
arxiv,acquired\arxiv\BEVDepth_2206.10092.pdf,3.21,.pdf
arxiv,acquired\arxiv\BEVDepth_2206.10092.html,0.04,.html
arxiv,acquired\arxiv\Weather_2206.09907.pdf,2.77,.pdf
arxiv,acquired\arxiv\BITFB9.tmp,0.0,.tmp
arxiv,acquired\arxiv\BITFE9.tmp,0.0,.tmp
arxiv,acquired\arxiv\BIT1018.tmp,0.0,.tmp
arxiv,acquired\arxiv\BIT1048.tmp,0.0,.tmp
arxiv,acquired\arxiv\BIT1069.tmp,0.0,.tmp
arxiv,acquired\arxiv\BIT1098.tmp,0.0,.tmp
arxiv,acquired\arxiv\BIT10C8.tmp,0.0,.tmp
arxiv,acquired\arxiv\BIT1108.tmp,0.0,.tmp
arxiv,acquired\arxiv\PointPillars_1812.05784.pdf,5.45,.pdf
arxiv,acquired\arxiv\RELLIS3D_2011.07717.pdf,0.56,.pdf
arxiv,acquired\arxiv\TartanDrive_2204.04615.pdf,3.22,.pdf
arxiv,acquired\arxiv\SemanticKITTI_1904.01416.pdf,7.43,.pdf
arxiv,acquired\arxiv\nuScenes_1903.11027.pdf,4.79,.pdf
arxiv,acquired\arxiv\KITTI_1204.4087.pdf,0.3,.pdf
arxiv,acquired\arxiv\Detr3D_2110.06922.pdf,22.87,.pdf
arxiv,acquired\arxiv\Detr3D_2110.06922.html,0.04,.html
arxiv,acquired\arxiv\RiemannianDL_2205.15016.pdf,0.64,.pdf
arxiv,acquired\arxiv\RiemannianDL_2205.15016.html,0.04,.html
arxiv,acquired\arxiv\NeuralFields_2106.12978.pdf,0.28,.pdf
arxiv,acquired\arxiv\NeuralFields_2106.12978.html,0.04,.html
arxiv,acquired\arxiv\PointPillars_1812.05784.html,0.05,.html
arxiv_bevformer,scraped\arxiv_bevformer\api_metadata.xml,0.0,.xml
arxiv_bevformer,scraped\arxiv_bevformer\parsed_meta.json,0.0,.json
arxiv_event_camera,scraped\arxiv_event_camera\api_metadata.xml,0.0,.xml
arxiv_event_camera,scraped\arxiv_event_camera\parsed_meta.json,0.0,.json
arxiv_loihi_fusion,scraped\arxiv_loihi_fusion\api_metadata.xml,0.0,.xml
arxiv_loihi_fusion,scraped\arxiv_loihi_fusion\parsed_meta.json,0.0,.json
arxiv_sparsead,scraped\arxiv_sparsead\api_metadata.xml,0.0,.xml
arxiv_sparsead,scraped\arxiv_sparsead\parsed_meta.json,0.0,.json
arxiv_supplementary,arxiv_supplementary\2203.17270_BEVFormer.pdf,4.74,.pdf
arxiv_supplementary,arxiv_supplementary\1711.01458_EventCamera.pdf,0.82,.pdf
arxiv_supplementary,arxiv_supplementary\2408.16096_LoihiFusion.pdf,0.93,.pdf
arxiv_supplementary,arxiv_supplementary\2206.09907_WeatherOffroad.pdf,2.77,.pdf
arxiv_supplementary,arxiv_supplementary\2311.11722_Sparse4D.pdf,1.1,.pdf
arxiv_supplementary,arxiv_supplementary\2308.09244_SparseBEV.pdf,4.11,.pdf
arxiv_supplementary,arxiv_supplementary\2112.11790_BEVDet.pdf,0.58,.pdf
arxiv_weather_robustness,scraped\arxiv_weather_robustness\api_metadata.xml,0.0,.xml
arxiv_weather_robustness,scraped\arxiv_weather_robustness\parsed_meta.json,0.0,.json
benchmarks,crawled\benchmarks\extracted_benchmarks.json,0.0,.json
benchmarks,crawled\benchmarks\sparse_query_papers.json,0.0,.json
bevformer,scraped\arxiv\bevformer\metadata.xml,0.0,.xml
bevformer,scraped\arxiv\bevformer\abstract_page.html,0.04,.html
bevformer,scraped\arxiv\bevformer\scrape_result.json,0.0,.json
bevformer,scraped\arxiv\bevformer\paper.pdf,4.74,.pdf
bevformer,scraped\bevformer\metadata.xml,0.0,.xml
bevformer,scraped\bevformer\abstract_page.html,0.04,.html
bevformer,scraped\bevformer\scrape_result.json,0.0,.json
bevformer,scraped\bevformer\paper.pdf,4.74,.pdf
bevformer,bevformer\metadata.xml,0.0,.xml
bevformer,bevformer\paper.pdf,4.74,.pdf
bevformer_paper,bevformer_paper\metadata.xml,0.0,.xml
bevformer_paper,bevformer_paper\abstract_page.html,0.04,.html
bevformer_paper,bevformer_paper\scrape_result.json,0.0,.json
bevformer_paper,bevformer_paper\paper.pdf,4.74,.pdf
crawled,crawled\semantickitti_leaderboard.json,0.0,.json
crawled,crawled\phase1_summary.json,0.0,.json
crawled,crawled\phase_a_summary.json,0.0,.json
event_camera,event_camera\metadata.xml,0.0,.xml
event_camera,event_camera\abstract_page.html,0.04,.html
event_camera,event_camera\scrape_result.json,0.0,.json
event_camera,event_camera\paper.pdf,0.82,.pdf
event_camera,scraped\arxiv\event_camera\metadata.xml,0.0,.xml
event_camera,scraped\arxiv\event_camera\abstract_page.html,0.04,.html
event_camera,scraped\arxiv\event_camera\scrape_result.json,0.0,.json
event_camera,scraped\arxiv\event_camera\paper.pdf,0.82,.pdf
event_camera,scraped\event_camera\metadata.xml,0.0,.xml
event_camera,scraped\event_camera\abstract_page.html,0.04,.html
event_camera,scraped\event_camera\paper.pdf,0.82,.pdf
event_camera,scraped\event_camera\scrape_result.json,0.0,.json
event_camera,crawled\event_camera\search_results.xml,0.03,.xml
event_camera,crawled\event_camera\survey_page_v2.html,0.04,.html
event_camera,crawled\event_camera\benchmark_search.xml,0.05,.xml
event_camera,crawled\event_camera\related_papers.json,0.01,.json
github_repos,github_repos\mmdetection3d.zip,10.83,.zip
github_repos,github_repos\RELLIS-3D.zip,76.64,.zip
github_repos,github_repos\SemanticKITTI-API.html,0.4,.html
github_repos,github_repos\BEVFormer.html,0.32,.html
github_repos,github_repos\BEVDet.html,0.38,.html
github_repos,github_repos\BEVDet.zip,0.01,.zip
github_repos,github_repos\MMDetection3D.html,0.44,.html
github_repos,github_repos\SK-API.zip,0.08,.zip
github_repos,github_repos\BEVFormer_code.zip,0.83,.zip
github_repos,github_repos\Sparse4D.html,0.31,.html
github_repos,github_repos\nuScenes-devkit.zip,0.8,.zip
github_repos,github_repos\TorchSparse.zip,0.94,.zip
github_repos,github_repos\SECOND.zip,2.72,.zip
github_repos,github_repos\OpenPCDet.zip,2.27,.zip
github_repos,github_repos\Sparse4D.zip,3.98,.zip
github_repos,github_repos\PointPillars.html,0.31,.html
github_repos,github_repos\OpenPCDet.html,0.41,.html
kitti,kitti\odometry_calib.zip,0.6,.zip
kitti_raw,kitti_raw\BITF6AC.tmp,458.64,.tmp
kitti_raw,kitti_raw\BITFB03.tmp,645.94,.tmp
kitti_raw,kitti_raw\BITFF1B.tmp,1791.26,.tmp
kitti_raw,kitti_raw\BIT333.tmp,939.82,.tmp
kitti_raw,kitti_raw\BIT75A.tmp,630.04,.tmp
kitti_raw,kitti_raw\BITB91.tmp,1206.52,.tmp
loihi_fusion,scraped\arxiv\loihi_fusion\metadata.xml,0.0,.xml
loihi_fusion,scraped\arxiv\loihi_fusion\abstract_page.html,0.04,.html
loihi_fusion,scraped\arxiv\loihi_fusion\full_text.html,0.1,.html
loihi_fusion,scraped\arxiv\loihi_fusion\cleaned_text.txt,0.04,.txt
loihi_fusion,scraped\arxiv\loihi_fusion\scrape_result.json,0.0,.json
loihi_fusion,scraped\arxiv\loihi_fusion\paper.pdf,0.93,.pdf
loihi_fusion,scraped\loihi_fusion\metadata.xml,0.0,.xml
loihi_fusion,scraped\loihi_fusion\abstract_page.html,0.04,.html
loihi_fusion,scraped\loihi_fusion\full_text.html,0.1,.html
loihi_fusion,scraped\loihi_fusion\cleaned_text.txt,0.04,.txt
loihi_fusion,scraped\loihi_fusion\scrape_result.json,0.0,.json
loihi_fusion,loihi_fusion\metadata.xml,0.0,.xml
loihi_fusion,loihi_fusion\abstract_page.html,0.04,.html
loihi_fusion,loihi_fusion\full_text.html,0.1,.html
loihi_fusion,loihi_fusion\cleaned_text.txt,0.04,.txt
loihi_fusion,loihi_fusion\scrape_result.json,0.0,.json
neuromorphic,crawled\neuromorphic\loihi_fusion_full.html,0.1,.html
neuromorphic,crawled\neuromorphic\loihi_benchmarks.xml,0.03,.xml
neuromorphic,crawled\neuromorphic\snn_survey.xml,0.04,.xml
neuromorphic,crawled\neuromorphic\loihi_related.json,0.0,.json
nuscenes,nuscenes\v1.0-mini.tgz,4167.7,.tgz
processed,processed\scraped_metadata.json,0.0,.json
processed,processed\arxiv_scrape_log.json,0.01,.json
processed,processed\rural_manifold_dataset_index.csv,0.01,.csv
processed,processed\scraped_sources_summary.csv,0.0,.csv
processed,processed\aggregated_metadata.json,0.01,.json
processed,processed\scraping_log_20260710_142040.json,0.01,.json
processed,processed\scraping_round2_2026-07-10T18-27-16.json,0.0,.json
processed,processed\master_data_index_20260710_190809.csv,0.01,.csv
processed,processed\deep_scrape_log_20260710_190809.json,0.01,.json
processed,processed\scraping_log.json,0.0,.json
processed,processed\phase2_results.json,0.0,.json
processed,processed\rural_manifold_master_index.json,0.0,.json
processed,processed\real_benchmark_data.json,0.0,.json
processed,processed\scraping_master_log.json,0.01,.json
processed,processed\velodyne_frame_stats.json,94.94,.json
processed,processed\master_data_index.csv,0.0,.csv
processed,processed\arxiv_full_index.csv,0.15,.csv
processed,processed\arxiv_full_index.json,0.32,.json
processed,processed\semantickitti_leaderboard_all.csv,0.0,.csv
processed,processed\master_data_index_v2.json,0.0,.json
processed,processed\rural_manifold_config.json,0.0,.json
processed,processed\data_summary_v2.csv,0.0,.csv
processed,processed\comprehensive_lidar_stats.json,0.16,.json
processed,processed\lidar_global_stats.npz,0.42,.npz
rellis3d,raw\rellis3d\repo_metadata.json,0.01,.json
rellis3d,raw\rellis3d\README.md,0.02,.md
rellis3d,raw\rellis3d\config.py,0.0,.py
rellis3d,raw\rellis3d\__init__.py,0.01,.py
rellis3d,raw\rellis3d\cityscapes.py,0.01,.py
rellis3d,raw\rellis3d\cityscapes_labels.py,0.01,.py
rellis3d,raw\rellis3d\edge_utils.py,0.0,.py
rellis3d,raw\rellis3d\rellis.py,0.01,.py
rellis3d,raw\rellis3d\loss.py,0.01,.py
rellis3d,raw\rellis3d\DualTaskLoss.py,0.0,.py
rellis3d,raw\rellis3d\GatedSpatialConv.py,0.01,.py
rellis3d,raw\rellis3d\custom_functional.py,0.01,.py
rellis3d,raw\rellis3d\Resnet.py,0.01,.py
rellis3d,raw\rellis3d\SEresnext.py,0.01,.py
rellis3d,raw\rellis3d\gscnn.py,0.01,.py
rellis3d,raw\rellis3d\mynn.py,0.0,.py
rellis3d,raw\rellis3d\wider_resnet.py,0.01,.py
rellis3d,raw\rellis3d\optimizer.py,0.0,.py
rellis3d,raw\rellis3d\train.py,0.02,.py
rellis3d,raw\rellis3d\joint_transforms.py,0.02,.py
rellis3d,raw\rellis3d\transforms.py,0.01,.py
rellis3d,raw\rellis3d\AttrDict.py,0.0,.py
rellis3d,raw\rellis3d\f_boundary.py,0.01,.py
rellis3d,raw\rellis3d\image_page.py,0.0,.py
rellis3d,raw\rellis3d\misc.py,0.01,.py
rellis3d,raw\rellis3d\hubconf.py,0.0,.py
rellis3d,raw\rellis3d\default.py,0.0,.py
rellis3d,raw\rellis3d\hrnet_config.py,0.0,.py
rellis3d,raw\rellis3d\models.py,0.0,.py
rellis3d,raw\rellis3d\criterion.py,0.0,.py
rellis3d,raw\rellis3d\function.py,0.01,.py
rellis3d,raw\rellis3d\ade20k.py,0.0,.py
rellis3d,raw\rellis3d\base_dataset.py,0.01,.py
rellis3d,raw\rellis3d\cocostuff.py,0.0,.py
rellis3d,raw\rellis3d\lip.py,0.01,.py
rellis3d,raw\rellis3d\pascal_ctx.py,0.01,.py
rellis3d,raw\rellis3d\bn_helper.py,0.0,.py
rellis3d,raw\rellis3d\hrnet.py,0.02,.py
rellis3d,raw\rellis3d\seg_hrnet.py,0.02,.py
rellis3d,raw\rellis3d\seg_hrnet_ocr.py,0.03,.py
rellis3d,raw\rellis3d\bn.py,0.01,.py
rellis3d,raw\rellis3d\functions.py,0.01,.py
rellis3d,raw\rellis3d\distributed.py,0.0,.py
rellis3d,raw\rellis3d\modelsummary.py,0.0,.py
rellis3d,raw\rellis3d\utils.py,0.0,.py
rellis3d,raw\rellis3d\_init_paths.py,0.0,.py
rellis3d,raw\rellis3d\test.py,0.01,.py
rellis3d,raw\rellis3d\setup.py,0.0,.py
rellis3d,raw\rellis3d\plot_convergence.py,0.02,.py
rellis3d,raw\rellis3d\test_models.py,0.01,.py
rellis3d,raw\rellis3d\train_ModelNet40.py,0.01,.py
rellis3d,raw\rellis3d\train_Rellis.py,0.01,.py
rellis3d,raw\rellis3d\train_S3DIS.py,0.01,.py
rellis3d,raw\rellis3d\train_SemanticKitti.py,0.01,.py
rellis3d,raw\rellis3d\visualize_deformations.py,0.01,.py
rellis3d,raw\rellis3d\run_gscnn.sh,0.0,.sh
rellis3d,raw\rellis3d\run_gscnn_eval.sh,0.0,.sh
rellis3d,raw\rellis3d\run_hrnet.sh,0.0,.sh
rellis3d,raw\rellis3d\run_hrnet_test.sh,0.0,.sh
rellis3d,raw\rellis3d\compile_wrappers.sh,0.0,.sh
rellis3d,raw\rellis3d\run_kpconv.sh,0.0,.sh
rellis3d,raw\rellis3d\bibtex.txt,0.0,.txt
rellis3d,raw\rellis3d\gscnn.txt,0.0,.txt
rellis3d,raw\rellis3d\requirements.txt,0.0,.txt
rellis3d,raw\rellis3d\gscnn_requirement.txt,0.0,.txt
rellis3d,raw\rellis3d\requirement.txt,0.0,.txt
rellis3d,raw\rellis3d\index.html,0.01,.html
rellis3d,raw\rellis3d\architecture.jpg,0.26,.jpg
rellis3d,raw\rellis3d\crop.jpg,0.09,.jpg
rellis3d,raw\rellis3d\edges.jpg,0.51,.jpg
rellis3d,raw\rellis3d\intro.jpg,0.41,.jpg
rellis3d,raw\rellis3d\seg.jpg,0.44,.jpg
rellis3d,raw\rellis3d\semboundary.jpg,0.37,.jpg
rellis3d,raw\rellis3d\test.jpg,0.32,.jpg
rellis3d,raw\rellis3d\top.jpg,0.58,.jpg
rellis3d,raw\rellis3d\table.png,0.36,.png
rellis3d,raw\rellis3d\OCR.PNG,0.07,.png
rellis3d,raw\rellis3d\seg-hrnet.png,0.12,.png
rellis3d,raw\rellis3d\gscnn.gif,19.44,.gif
rellis3d,raw\rellis3d\.gitignore,0.0,
rellis3d,raw\rellis3d\Dockerfile,0.0,
rellis3d,raw\rellis3d\LICENSE,0.0,
rellis3d,raw\rellis3d\scrape_result.json,0.0,.json
rellis3d,raw\rellis3d\repo_metadata_v2.json,0.01,.json
rellis3d,raw\rellis3d\github_main.html,0.37,.html
rellis3d,raw\rellis3d\api_repo.json,0.01,.json
rellis3d,raw\rellis3d\deep_scrape_result.json,0.0,.json
rellis3d,raw\rellis3d\github_metadata.json,0.0,.json
rellis3d,rellis3d\.gitignore,0.0,
rellis3d,rellis3d\README.md,0.02,.md
rellis3d,rellis3d\Dockerfile,0.0,
rellis3d,rellis3d\LICENSE,0.0,
rellis3d,rellis3d\config.py,0.0,.py
rellis3d,rellis3d\__init__.py,0.01,.py
rellis3d,rellis3d\cityscapes.py,0.01,.py
rellis3d,rellis3d\cityscapes_labels.py,0.01,.py
rellis3d,rellis3d\edge_utils.py,0.0,.py
rellis3d,rellis3d\rellis.py,0.01,.py
rellis3d,rellis3d\index.html,0.01,.html
rellis3d,rellis3d\architecture.jpg,0.26,.jpg
rellis3d,rellis3d\bibtex.txt,0.0,.txt
rellis3d,rellis3d\crop.jpg,0.09,.jpg
rellis3d,rellis3d\edges.jpg,0.51,.jpg
rellis3d,rellis3d\gscnn.gif,19.44,.gif
rellis3d,rellis3d\intro.jpg,0.41,.jpg
rellis3d,rellis3d\seg.jpg,0.44,.jpg
rellis3d,rellis3d\semboundary.jpg,0.37,.jpg
rellis3d,rellis3d\table.png,0.36,.png
rellis3d,rellis3d\test.jpg,0.32,.jpg
rellis3d,rellis3d\top.jpg,0.58,.jpg
rellis3d,rellis3d\gscnn.txt,0.0,.txt
rellis3d,rellis3d\loss.py,0.01,.py
rellis3d,rellis3d\DualTaskLoss.py,0.0,.py
rellis3d,rellis3d\GatedSpatialConv.py,0.01,.py
rellis3d,rellis3d\custom_functional.py,0.01,.py
rellis3d,rellis3d\Resnet.py,0.01,.py
rellis3d,rellis3d\SEresnext.py,0.01,.py
rellis3d,rellis3d\gscnn.py,0.01,.py
rellis3d,rellis3d\mynn.py,0.0,.py
rellis3d,rellis3d\wider_resnet.py,0.01,.py
rellis3d,rellis3d\optimizer.py,0.0,.py
rellis3d,rellis3d\run_gscnn.sh,0.0,.sh
rellis3d,rellis3d\run_gscnn_eval.sh,0.0,.sh
rellis3d,rellis3d\train.py,0.02,.py
rellis3d,rellis3d\joint_transforms.py,0.02,.py
rellis3d,rellis3d\transforms.py,0.01,.py
rellis3d,rellis3d\AttrDict.py,0.0,.py
rellis3d,rellis3d\f_boundary.py,0.01,.py
rellis3d,rellis3d\image_page.py,0.0,.py
rellis3d,rellis3d\misc.py,0.01,.py
rellis3d,rellis3d\OCR.PNG,0.07,.png
rellis3d,rellis3d\seg-hrnet.png,0.12,.png
rellis3d,rellis3d\hubconf.py,0.0,.py
rellis3d,rellis3d\seg_hrnet_ocr_w48_520x520_ohem_sgd_lr2e-2_wd1e-4_bs_16_epoch120.yaml,0.0,.yaml
rellis3d,rellis3d\seg_hrnet_w48_520x520_ohem_sgd_lr2e-2_wd1e-4_bs_16_epoch120.yaml,0.0,.yaml
rellis3d,rellis3d\default.py,0.0,.py
rellis3d,rellis3d\hrnet_config.py,0.0,.py
rellis3d,rellis3d\models.py,0.0,.py
rellis3d,rellis3d\criterion.py,0.0,.py
rellis3d,rellis3d\seg_hrnet_w48_520x520_sgd_lr2e-2_wd1e-4_bs_16_epoch120.yaml,0.0,.yaml
rellis3d,rellis3d\function.py,0.01,.py
rellis3d,rellis3d\seg_hrnet_ocr_w48_train_512x1024_sgd_lr1e-2_wd5e-4_bs_12_epoch484.yaml,0.0,.yaml
rellis3d,rellis3d\seg_hrnet_ocr_w48_trainval_512x1024_sgd_lr1e-2_wd5e-4_bs_12_epoch484.yaml,0.0,.yaml
rellis3d,rellis3d\ade20k.py,0.0,.py
rellis3d,rellis3d\base_dataset.py,0.01,.py
rellis3d,rellis3d\seg_hrnet_w48_train_512x1024_sgd_lr1e-2_wd5e-4_bs_12_epoch484.yaml,0.0,.yaml
rellis3d,rellis3d\seg_hrnet_w48_train_ohem_512x1024_sgd_lr1e-2_wd5e-4_bs_12_epoch484.yaml,0.0,.yaml
rellis3d,rellis3d\cocostuff.py,0.0,.py
rellis3d,rellis3d\lip.py,0.01,.py
rellis3d,rellis3d\pascal_ctx.py,0.01,.py
rellis3d,rellis3d\bn_helper.py,0.0,.py
rellis3d,rellis3d\hrnet.py,0.02,.py
rellis3d,rellis3d\seg_hrnet.py,0.02,.py
rellis3d,rellis3d\seg_hrnet_w48_trainval_512x1024_sgd_lr1e-2_wd5e-4_bs_12_epoch484x2.yaml,0.0,.yaml
rellis3d,rellis3d\seg_hrnet_ocr.py,0.03,.py
rellis3d,rellis3d\bn.py,0.01,.py
rellis3d,rellis3d\functions.py,0.01,.py
rellis3d,rellis3d\seg_hrnet_w48_trainval_ohem_512x1024_sgd_lr1e-2_wd5e-4_bs_12_epoch484x2.yaml,0.0,.yaml
rellis3d,rellis3d\seg_hrnet_ocr_w48_520x520_ohem_sgd_lr1e-3_wd1e-4_bs_16_epoch110.yaml,0.0,.yaml
rellis3d,rellis3d\seg_hrnet_w48_520x520_ohem_sgd_lr1e-3_wd1e-4_bs_16_epoch110.yaml,0.0,.yaml
rellis3d,rellis3d\seg_hrnet_w48_520x520_sgd_lr1e-3_wd1e-4_bs_16_epoch110.yaml,0.0,.yaml
rellis3d,rellis3d\common.h,0.0,.h
rellis3d,rellis3d\inplace_abn.cpp,0.0,.cpp
rellis3d,rellis3d\seg_hrnet_ocr_w48_473x473_sgd_lr7e-3_wd5e-4_bs_40_epoch150.yaml,0.0,.yaml
rellis3d,rellis3d\inplace_abn.h,0.0,.h
rellis3d,rellis3d\seg_hrnet_w48_473x473_sgd_lr7e-3_wd5e-4_bs_40_epoch150.yaml,0.0,.yaml
rellis3d,rellis3d\inplace_abn_cpu.cpp,0.0,.cpp
rellis3d,rellis3d\inplace_abn_cuda.cu,0.01,.cu
rellis3d,rellis3d\seg_hrnet_ocr_w48_cls59_520x520_sgd_lr1e-3_wd1e-4_bs_16_epoch200.yaml,0.0,.yaml
rellis3d,rellis3d\seg_hrnet_ocr_w48_cls60_520x520_sgd_lr1e-3_wd1e-4_bs_16_epoch200.yaml,0.0,.yaml
rellis3d,rellis3d\seg_hrnet_w48_cls59_520x520_sgd_lr1e-3_wd1e-4_bs_16_epoch200.yaml,0.0,.yaml
rellis3d,rellis3d\distributed.py,0.0,.py
rellis3d,rellis3d\modelsummary.py,0.0,.py
rellis3d,rellis3d\utils.py,0.0,.py
rellis3d,rellis3d\seg_hrnet_ocr_w48_train_512x1024_sgd_lr1e-3_wd5e-4_bs_12_epoch484.yaml,0.0,.yaml
rellis3d,rellis3d\requirements.txt,0.0,.txt
rellis3d,rellis3d\run_hrnet.sh,0.0,.sh
rellis3d,rellis3d\run_hrnet_test.sh,0.0,.sh
rellis3d,rellis3d\_init_paths.py,0.0,.py
rellis3d,rellis3d\test.py,0.01,.py
rellis3d,rellis3d\INSTALL.md,0.0,.md
rellis3d,rellis3d\compile_wrappers.sh,0.0,.sh
rellis3d,rellis3d\build.bat,0.0,.bat
rellis3d,rellis3d\neighbors.cpp,0.01,.cpp
rellis3d,rellis3d\neighbors.h,0.0,.h
rellis3d,rellis3d\setup.py,0.0,.py
rellis3d,rellis3d\wrapper.cpp,0.01,.cpp
rellis3d,rellis3d\plot_convergence.py,0.02,.py
rellis3d,rellis3d\run_kpconv.sh,0.0,.sh
rellis3d,rellis3d\test_models.py,0.01,.py
rellis3d,rellis3d\train_ModelNet40.py,0.01,.py
rellis3d,rellis3d\train_Rellis.py,0.01,.py
rellis3d,rellis3d\train_S3DIS.py,0.01,.py
rellis3d,rellis3d\gscnn_requirement.txt,0.0,.txt
rellis3d,rellis3d\train_SemanticKitti.py,0.01,.py
rellis3d,rellis3d\visualize_deformations.py,0.01,.py
rellis3d,rellis3d\requirement.txt,0.0,.txt
rellis3d,rellis3d\metadata.json,0.0,.json
rellis3d,rellis3d\repo_metadata.json,0.01,.json
rellis3d,rellis3d\scrape_result.json,0.0,.json
rellis3d,rellis3d\repo_metadata_v2.json,0.01,.json
rellis3d,rellis3d\dataset_page.html,0.02,.html
rellis3d,crawled\rellis3d\repo_metadata.json,0.01,.json
rellis3d,crawled\rellis3d\file_tree.json,0.12,.json
rellis3d,crawled\rellis3d\github_api.json,0.01,.json
rellis3d,crawled\rellis3d\contents.json,0.0,.json
rellis3d,crawled\rellis3d\github_repo.json,0.01,.json
rellis3d,crawled\rellis3d\full_file_tree.json,0.12,.json
rellis3d,crawled\rellis3d\recent_commits.json,0.21,.json
rellis3d,crawled\rellis3d\repo_analysis.json,0.0,.json
rellis3d,acquired\rellis3d\github_repo_info.json,0.01,.json
rellis3d,acquired\rellis3d\contributors.json,0.0,.json
rellis3d,acquired\rellis3d\README_raw.md,0.02,.md
rellis3d_stats,scraped\rellis3d_stats\repo_stats.json,0.0,.json
scraped,scraped\deep_scrape_log.json,0.0,.json
scraped,scraped\discovered_urls.json,0.0,.json
scraped,scraped\url_connectivity.json,0.0,.json
semantickitti,raw\semantickitti\index.html,0.02,.html
semantickitti,raw\semantickitti\dataset.html,0.01,.html
semantickitti,raw\semantickitti\scrape_result.json,0.0,.json
semantickitti,raw\semantickitti\tasks.html,0.07,.html
semantickitti,raw\semantickitti\benchmarks.html,0.07,.html
semantickitti,raw\semantickitti\main.html,0.02,.html
semantickitti,raw\semantickitti\deep_scrape_result.json,0.0,.json
semantickitti,semantickitti\index.html,0.02,.html
semantickitti,semantickitti\dataset.html,0.01,.html
semantickitti,semantickitti\scrape_result.json,0.0,.json
semantickitti,semantickitti\tasks.html,0.07,.html
semantickitti,semantickitti\benchmarks.html,0.07,.html
semantickitti,semantickitti\velodyne_laser.zip,693.1,.zip
semantickitti,crawled\semantickitti\leaderboard_semseg.html,0.07,.html
semantickitti,crawled\semantickitti\dataset_stats.html,0.01,.html
semantickitti,crawled\semantickitti\main_page.html,0.02,.html
semantickitti,crawled\semantickitti\leaderboard_extracted.json,0.0,.json
semantickitti,crawled\semantickitti\semantic_single.json,0.02,.json
semantickitti,crawled\semantickitti\semantic_multi.json,0.01,.json
semantickitti,crawled\semantickitti\panoptic.json,0.01,.json
semantickitti,crawled\semantickitti\panoptic4d.json,0.0,.json
semantickitti,crawled\semantickitti\mos.json,0.0,.json
semantickitti,crawled\semantickitti\completion.json,0.0,.json
semantickitti,crawled\semantickitti\deep_tasks.html,0.07,.html
semantickitti,crawled\semantickitti\deep_benchmarks.html,0.0,.html
semantickitti,crawled\semantickitti\deep_dataset.html,0.01,.html
semantickitti,crawled\semantickitti\dataset_full.html,0.01,.html
semantickitti,crawled\semantickitti\tasks_deep.html,0.07,.html
semantickitti,crawled\semantickitti\leaderboard_deep.json,0.0,.json
semantickitti,acquired\semantickitti\dataset.html,0.01,.html
semantickitti_leaderboard,scraped\semantickitti_leaderboard\semantic-kitti.org,0.02,.org
semantickitti_leaderboard,scraped\semantickitti_leaderboard\tasks.html,0.07,.html
semantickitti_official,semantickitti_official\labels.zip,55.66,.zip
semantickitti_official,semantickitti_official\BITB87.tmp,693.98,.tmp
semantickitti_official,semantickitti_official\data_odometry_voxels_all.zip,84.93,.zip
semantickitti_official,semantickitti_official\BIT88DE.tmp,3277.54,.tmp
semantickitti_official,semantickitti_official\voxels_all.zip.part,0.0,.part
semantickitti_pages,scraped\semantickitti_pages\dataset.html,0.01,.html
semantickitti_pages,scraped\semantickitti_pages\download_urls.json,0.0,.json
semantickitti_pages,scraped\semantickitti_pages\tasks.html,0.07,.html
sparsead,scraped\arxiv\sparsead\metadata.xml,0.0,.xml
sparsead,scraped\arxiv\sparsead\abstract_page.html,0.04,.html
sparsead,scraped\arxiv\sparsead\full_text.html,1.1,.html
sparsead,scraped\arxiv\sparsead\cleaned_text.txt,0.15,.txt
sparsead,scraped\arxiv\sparsead\scrape_result.json,0.0,.json
sparsead,scraped\arxiv\sparsead\paper.pdf,25.58,.pdf
sparsead,scraped\sparsead\metadata.xml,0.0,.xml
sparsead,scraped\sparsead\abstract_page.html,0.04,.html
sparsead,scraped\sparsead\full_text.html,1.1,.html
sparsead,scraped\sparsead\cleaned_text.txt,0.15,.txt
sparsead,scraped\sparsead\scrape_result.json,0.0,.json
sparsead,sparsead\metadata.xml,0.0,.xml
sparsead,sparsead\paper.pdf,25.58,.pdf
sparsead,sparsead\full_text.html,1.09,.html
sparsead_paper,sparsead_paper\metadata.xml,0.0,.xml
sparsead_paper,sparsead_paper\abstract_page.html,0.04,.html
sparsead_paper,sparsead_paper\full_text.html,1.1,.html
sparsead_paper,sparsead_paper\cleaned_text.txt,0.15,.txt
sparsead_paper,sparsead_paper\scrape_result.json,0.0,.json
tartandrive2,raw\tartandrive2\index.html,0.02,.html
tartandrive2,raw\tartandrive2\arxiv_abstract.html,0.04,.html
tartandrive2,raw\tartandrive2\scrape_result.json,0.0,.json
tartandrive2,raw\tartandrive2\paper_abstract.html,0.04,.html
tartandrive2,raw\tartandrive2\website.html,0.02,.html
tartandrive2,raw\tartandrive2\main.html,0.02,.html
tartandrive2,raw\tartandrive2\arxiv.html,0.04,.html
tartandrive2,raw\tartandrive2\arxiv_metadata.xml,0.0,.xml
tartandrive2,raw\tartandrive2\deep_scrape_result.json,0.0,.json
tartandrive2,tartandrive2\index.html,0.02,.html
tartandrive2,tartandrive2\arxiv_abstract.html,0.04,.html
tartandrive2,tartandrive2\scrape_result.json,0.0,.json
tartandrive2,tartandrive2\paper_abstract.html,0.04,.html
tartandrive2,tartandrive2\website.html,0.02,.html
tartandrive2,tartandrive2\repo_metadata.json,0.01,.json
tartandrive2,crawled\tartandrive2\website.html,0.02,.html
tartandrive2,crawled\tartandrive2\extracted_stats.json,0.0,.json
tartandrive2,crawled\tartandrive2\arxiv_paper.xml,0.0,.xml
tartandrive2,crawled\tartandrive2\website_full.html,0.02,.html
tartandrive2,crawled\tartandrive2\arxiv_abstract.html,0.04,.html
tartandrive2,crawled\tartandrive2\website_full_v2.html,0.02,.html
tartandrive2,crawled\tartandrive2\page_deep.html,0.02,.html
tartandrive2,crawled\tartandrive2\dataset_stats.json,0.0,.json
tartandrive2,acquired\tartandrive2\TartanDrive2.html,0.02,.html
tartandrive2_params,scraped\tartandrive2_params\website.html,0.02,.html
velodyne,semantickitti_extracted\dataset\sequences\00\velodyne\001930.bin,2.04,.bin
velodyne,semantickitti_extracted\dataset\sequences\00\velodyne\000784.bin,2.0,.bin
velodyne,semantickitti_extracted\dataset\sequences\00\velodyne\004343.bin,2.04,.bin
velodyne,semantickitti_extracted\dataset\sequences\00\velodyne\000975.bin,1.99,.bin
velodyne,semantickitti_extracted\dataset\sequences\00\velodyne\003304.bin,1.86,.bin
velodyne,semantickitti_extracted\dataset\sequences\00\velodyne\001615.bin,1.9,.bin
velodyne,semantickitti_extracted\dataset\sequences\00\velodyne\001576.bin,1.89,.bin
velodyne,semantickitti_extracted\dataset\sequences\00\velodyne\000202.bin,1.96,.bin
velodyne,semantickitti_extracted\dataset\sequences\00\velodyne\003421.bin,1.96,.bin
velodyne,semantickitti_extracted\dataset\sequences\00\velodyne\003703.bin,1.99,.bin
velodyne,semantickitti_extracted\dataset\sequences\00\velodyne\001112.bin,1.98,.bin
velodyne,semantickitti_extracted\dataset\sequences\00\velodyne\002847.bin,1.88,.bin
velodyne,semantickitti_extracted\dataset\sequences\00\velodyne\003972.bin,2.01,.bin
velodyne,semantickitti_extracted\dataset\sequences\00\velodyne\001376.bin,1.92,.bin
velodyne,semantickitti_extracted\dataset\sequences\00\velodyne\002161.bin,1.96,.bin
velodyne,semantickitti_extracted\dataset\sequences\00\velodyne\002383.bin,2.02,.bin
velodyne,semantickitti_extracted\dataset\sequences\00\velodyne\002107.bin,2.03,.bin
velodyne,semantickitti_extracted\dataset\sequences\00\velodyne\000812.bin,1.92,.bin
velodyne,semantickitti_extracted\dataset\sequences\00\velodyne\004206.bin,2.0,.bin
velodyne,semantickitti_extracted\dataset\sequences\00\velodyne\003426.bin,1.96,.bin
velodyne,semantickitti_extracted\dataset\sequences\00\velodyne\002519.bin,1.89,.bin
velodyne,semantickitti_extracted\dataset\sequences\00\velodyne\000260.bin,2.0,.bin
velodyne,semantickitti_extracted\dataset\sequences\00\velodyne\002774.bin,1.8,.bin
velodyne,semantickitti_extracted\dataset\sequences\00\velodyne\003959.bin,1.97,.bin
velodyne,semantickitti_extracted\dataset\sequences\00\velodyne\003965.bin,1.99,.bin
velodyne,semantickitti_extracted\dataset\sequences\00\velodyne\001870.bin,2.0,.bin
velodyne,semantickitti_extracted\dataset\sequences\00\velodyne\000991.bin,1.99,.bin
velodyne,semantickitti_extracted\dataset\sequences\00\velodyne\004058.bin,2.0,.bin
velodyne,semantickitti_extracted\dataset\sequences\00\velodyne\001440.bin,1.85,.bin
velodyne,semantickitti_extracted\dataset\sequences\00\velodyne\003101.bin,1.88,.bin
velodyne,semantickitti_extracted\dataset\sequences\00\velodyne\001149.bin,1.99,.bin
velodyne,semantickitti_extracted\dataset\sequences\00\velodyne\001358.bin,1.92,.bin
velodyne,semantickitti_extracted\dataset\sequences\00\velodyne\000512.bin,1.99,.bin
velodyne,semantickitti_extracted\dataset\sequences\00\velodyne\000129.bin,1.9,.bin
velodyne,semantickitti_extracted\dataset\sequences\00\velodyne\000043.bin,1.89,.bin
velodyne,semantickitti_extracted\dataset\sequences\00\velodyne\000862.bin,1.93,.bin
velodyne,semantickitti_extracted\dataset\sequences\00\velodyne\001712.bin,2.0,.bin
velodyne,semantickitti_extracted\dataset\sequences\00\velodyne\003702.bin,1.99,.bin
velodyne,semantickitti_extracted\dataset\sequences\00\velodyne\001970.bin,2.01,.bin
velodyne,semantickitti_extracted\dataset\sequences\00\velodyne\002077.bin,2.02,.bin
velodyne,semantickitti_extracted\dataset\sequences\00\velodyne\003971.bin,2.01,.bin
velodyne,semantickitti_extracted\dataset\sequences\00\velodyne\003329.bin,2.03,.bin
velodyne,semantickitti_extracted\dataset\sequences\00\velodyne\002820.bin,1.93,.bin
velodyne,semantickitti_extracted\dataset\sequences\00\velodyne\003493.bin,1.97,.bin
velodyne,semantickitti_extracted\dataset\sequences\00\velodyne\002492.bin,1.86,.bin
velodyne,semantickitti_extracted\dataset\sequences\00\velodyne\000172.bin,1.89,.bin
velodyne,semantickitti_extracted\dataset\sequences\00\velodyne\004236.bin,2.04,.bin
velodyne,semantickitti_extracted\dataset\sequences\00\velodyne\000609.bin,1.91,.bin
velodyne,semantickitti_extracted\dataset\sequences\00\velodyne\002632.bin,1.93,.bin
velodyne,semantickitti_extracted\dataset\sequences\00\velodyne\001955.bin,2.01,.bin
velodyne,semantickitti_extracted\dataset\sequences\00\velodyne\002592.bin,1.9,.bin
velodyne,semantickitti_extracted\dataset\sequences\00\velodyne\002376.bin,1.96,.bin
velodyne,semantickitti_extracted\dataset\sequences\00\velodyne\001634.bin,1.97,.bin
velodyne,semantickitti_extracted\dataset\sequences\00\velodyne\000924.bin,1.96,.bin
velodyne,semantickitti_extracted\dataset\sequences\00\velodyne\000465.bin,1.99,.bin
velodyne,semantickitti_extracted\dataset\sequences\00\velodyne\004514.bin,1.93,.bin
velodyne,semantickitti_extracted\dataset\sequences\00\velodyne\001048.bin,1.7,.bin
velodyne,semantickitti_extracted\dataset\sequences\00\velodyne\001394.bin,1.94,.bin
velodyne,semantickitti_extracted\dataset\sequences\00\velodyne\000252.bin,1.87,.bin
velodyne,semantickitti_extracted\dataset\sequences\00\velodyne\000404.bin,1.98,.bin
velodyne,semantickitti_extracted\dataset\sequences\00\velodyne\000038.bin,1.95,.bin
velodyne,semantickitti_extracted\dataset\sequences\00\velodyne\003432.bin,1.97,.bin
velodyne,semantickitti_extracted\dataset\sequences\00\velodyne\001997.bin,1.98,.bin
velodyne,semantickitti_extracted\dataset\sequences\00\velodyne\001439.bin,1.85,.bin
velodyne,semantickitti_extracted\dataset\sequences\00\velodyne\001538.bin,1.86,.bin
velodyne,semantickitti_extracted\dataset\sequences\00\velodyne\002165.bin,1.98,.bin
velodyne,semantickitti_extracted\dataset\sequences\00\velodyne\001151.bin,1.99,.bin
velodyne,semantickitti_extracted\dataset\sequences\00\velodyne\004307.bin,2.03,.bin
velodyne,semantickitti_extracted\dataset\sequences\00\velodyne\002615.bin,1.94,.bin
velodyne,semantickitti_extracted\dataset\sequences\00\velodyne\002633.bin,1.9,.bin
velodyne,semantickitti_extracted\dataset\sequences\00\velodyne\000643.bin,1.9,.bin
velodyne,semantickitti_extracted\dataset\sequences\00\velodyne\004237.bin,2.04,.bin
velodyne,semantickitti_extracted\dataset\sequences\00\velodyne\003793.bin,1.89,.bin
velodyne,semantickitti_extracted\dataset\sequences\00\velodyne\001503.bin,1.78,.bin
velodyne,semantickitti_extracted\dataset\sequences\00\velodyne\004088.bin,2.04,.bin
velodyne,semantickitti_extracted\dataset\sequences\00\velodyne\000760.bin,1.99,.bin
velodyne,semantickitti_extracted\dataset\sequences\00\velodyne\003064.bin,1.96,.bin
velodyne,semantickitti_extracted\dataset\sequences\00\velodyne\001490.bin,1.9,.bin
velodyne,semantickitti_extracted\dataset\sequences\00\velodyne\001874.bin,1.99,.bin
velodyne,semantickitti_extracted\dataset\sequences\00\velodyne\001752.bin,2.0,.bin
velodyne,semantickitti_extracted\dataset\sequences\00\velodyne\003670.bin,1.92,.bin
velodyne,semantickitti_extracted\dataset\sequences\00\velodyne\004243.bin,2.04,.bin
velodyne,semantickitti_extracted\dataset\sequences\00\velodyne\002664.bin,1.88,.bin
velodyne,semantickitti_extracted\dataset\sequences\00\velodyne\003147.bin,1.98,.bin
velodyne,semantickitti_extracted\dataset\sequences\00\velodyne\002980.bin,1.99,.bin
velodyne,semantickitti_extracted\dataset\sequences\00\velodyne\001658.bin,1.92,.bin
velodyne,semantickitti_extracted\dataset\sequences\00\velodyne\001337.bin,1.97,.bin
velodyne,semantickitti_extracted\dataset\sequences\00\velodyne\000054.bin,1.96,.bin
velodyne,semantickitti_extracted\dataset\sequences\00\velodyne\004085.bin,2.03,.bin
velodyne,semantickitti_extracted\dataset\sequences\00\velodyne\000848.bin,2.0,.bin
velodyne,semantickitti_extracted\dataset\sequences\00\velodyne\001080.bin,1.86,.bin
velodyne,semantickitti_extracted\dataset\sequences\00\velodyne\002259.bin,1.99,.bin
velodyne,semantickitti_extracted\dataset\sequences\00\velodyne\002806.bin,1.94,.bin
velodyne,semantickitti_extracted\dataset\sequences\00\velodyne\000800.bin,1.89,.bin
velodyne,semantickitti_extracted\dataset\sequences\00\velodyne\002413.bin,2.01,.bin
velodyne,semantickitti_extracted\dataset\sequences\00\velodyne\000120.bin,1.94,.bin
velodyne,semantickitti_extracted\dataset\sequences\00\velodyne\003741.bin,1.89,.bin
velodyne,semantickitti_extracted\dataset\sequences\00\velodyne\001123.bin,1.95,.bin
velodyne,semantickitti_extracted\dataset\sequences\00\velodyne\000751.bin,1.99,.bin
velodyne,semantickitti_extracted\dataset\sequences\00\velodyne\001473.bin,1.78,.bin
velodyne,semantickitti_extracted\dataset\sequences\00\velodyne\003174.bin,1.93,.bin
velodyne,semantickitti_extracted\dataset\sequences\00\velodyne\003164.bin,1.9,.bin
velodyne,semantickitti_extracted\dataset\sequences\00\velodyne\001039.bin,1.86,.bin
velodyne,semantickitti_extracted\dataset\sequences\00\velodyne\003193.bin,2.03,.bin
velodyne,semantickitti_extracted\dataset\sequences\00\velodyne\004021.bin,1.96,.bin
velodyne,semantickitti_extracted\dataset\sequences\00\velodyne\003495.bin,1.99,.bin
velodyne,semantickitti_extracted\dataset\sequences\00\velodyne\002335.bin,1.93,.bin
velodyne,semantickitti_extracted\dataset\sequences\00\velodyne\003746.bin,1.94,.bin
velodyne,semantickitti_extracted\dataset\sequences\00\velodyne\001964.bin,2.03,.bin
velodyne,semantickitti_extracted\dataset\sequences\00\velodyne\001729.bin,1.95,.bin
velodyne,semantickitti_extracted\dataset\sequences\00\velodyne\000496.bin,1.95,.bin
velodyne,semantickitti_extracted\dataset\sequences\00\velodyne\004106.bin,2.04,.bin
velodyne,semantickitti_extracted\dataset\sequences\00\velodyne\001759.bin,1.94,.bin
velodyne,semantickitti_extracted\dataset\sequences\00\velodyne\000079.bin,1.88,.bin
velodyne,semantickitti_extracted\dataset\sequences\00\velodyne\001158.bin,2.02,.bin
velodyne,semantickitti_extracted\dataset\sequences\00\velodyne\000379.bin,1.98,.bin
velodyne,semantickitti_extracted\dataset\sequences\00\velodyne\004382.bin,2.0,.bin
velodyne,semantickitti_extracted\dataset\sequences\00\velodyne\003652.bin,1.91,.bin
velodyne,semantickitti_extracted\dataset\sequences\00\velodyne\001356.bin,1.91,.bin
velodyne,semantickitti_extracted\dataset\sequences\00\velodyne\000493.bin,1.91,.bin
velodyne,semantickitti_extracted\dataset\sequences\00\velodyne\001700.bin,2.02,.bin
velodyne,semantickitti_extracted\dataset\sequences\00\velodyne\003719.bin,1.98,.bin
velodyne,semantickitti_extracted\dataset\sequences\00\velodyne\004127.bin,2.02,.bin
velodyne,semantickitti_extracted\dataset\sequences\00\velodyne\003252.bin,1.9,.bin
velodyne,semantickitti_extracted\dataset\sequences\00\velodyne\000539.bin,1.93,.bin
velodyne,semantickitti_extracted\dataset\sequences\00\velodyne\003137.bin,1.99,.bin
velodyne,semantickitti_extracted\dataset\sequences\00\velodyne\000238.bin,1.92,.bin
velodyne,semantickitti_extracted\dataset\sequences\00\velodyne\002309.bin,1.97,.bin
velodyne,semantickitti_extracted\dataset\sequences\00\velodyne\002782.bin,1.93,.bin
velodyne,semantickitti_extracted\dataset\sequences\00\velodyne\000803.bin,1.9,.bin
velodyne,semantickitti_extracted\dataset\sequences\00\velodyne\001511.bin,1.9,.bin
velodyne,semantickitti_extracted\dataset\sequences\00\velodyne\002037.bin,1.97,.bin
velodyne,semantickitti_extracted\dataset\sequences\00\velodyne\000990.bin,1.99,.bin
velodyne,semantickitti_extracted\dataset\sequences\00\velodyne\001038.bin,1.81,.bin
velodyne,semantickitti_extracted\dataset\sequences\00\velodyne\004120.bin,1.91,.bin
velodyne,semantickitti_extracted\dataset\sequences\00\velodyne\004235.bin,2.04,.bin
velodyne,semantickitti_extracted\dataset\sequences\00\velodyne\003066.bin,1.96,.bin
velodyne,semantickitti_extracted\dataset\sequences\00\velodyne\003534.bin,1.94,.bin
velodyne,semantickitti_extracted\dataset\sequences\00\velodyne\003889.bin,1.91,.bin
velodyne,semantickitti_extracted\dataset\sequences\00\velodyne\002258.bin,1.99,.bin
velodyne,semantickitti_extracted\dataset\sequences\00\velodyne\000156.bin,2.01,.bin
velodyne,semantickitti_extracted\dataset\sequences\00\velodyne\000051.bin,1.92,.bin
velodyne,semantickitti_extracted\dataset\sequences\00\velodyne\001134.bin,1.98,.bin
velodyne,semantickitti_extracted\dataset\sequences\00\velodyne\001153.bin,2.01,.bin
velodyne,semantickitti_extracted\dataset\sequences\00\velodyne\002591.bin,1.91,.bin
velodyne,semantickitti_extracted\dataset\sequences\00\velodyne\003768.bin,2.02,.bin
velodyne,semantickitti_extracted\dataset\sequences\00\velodyne\003051.bin,1.97,.bin
velodyne,semantickitti_extracted\dataset\sequences\00\velodyne\000636.bin,1.9,.bin
velodyne,semantickitti_extracted\dataset\sequences\00\velodyne\002605.bin,1.94,.bin
velodyne,semantickitti_extracted\dataset\sequences\00\velodyne\000558.bin,1.94,.bin
velodyne,semantickitti_extracted\dataset\sequences\00\velodyne\004524.bin,1.92,.bin
velodyne,semantickitti_extracted\dataset\sequences\00\velodyne\003121.bin,1.95,.bin
velodyne,semantickitti_extracted\dataset\sequences\00\velodyne\001984.bin,1.99,.bin
velodyne,semantickitti_extracted\dataset\sequences\00\velodyne\002874.bin,1.95,.bin
velodyne,semantickitti_extracted\dataset\sequences\00\velodyne\001377.bin,1.93,.bin
velodyne,semantickitti_extracted\dataset\sequences\00\velodyne\003285.bin,1.91,.bin
velodyne,semantickitti_extracted\dataset\sequences\00\velodyne\002962.bin,1.9,.bin
velodyne,semantickitti_extracted\dataset\sequences\00\velodyne\004096.bin,2.04,.bin
velodyne,semantickitti_extracted\dataset\sequences\00\velodyne\001889.bin,2.04,.bin
velodyne,semantickitti_extracted\dataset\sequences\00\velodyne\004279.bin,2.03,.bin
velodyne,semantickitti_extracted\dataset\sequences\00\velodyne\002817.bin,1.96,.bin
velodyne,semantickitti_extracted\dataset\sequences\00\velodyne\001010.bin,1.96,.bin
velodyne,semantickitti_extracted\dataset\sequences\00\velodyne\001082.bin,1.9,.bin
velodyne,semantickitti_extracted\dataset\sequences\00\velodyne\004294.bin,2.03,.bin
velodyne,semantickitti_extracted\dataset\sequences\00\velodyne\003913.bin,1.95,.bin
velodyne,semantickitti_extracted\dataset\sequences\00\velodyne\000313.bin,1.95,.bin
velodyne,semantickitti_extracted\dataset\sequences\00\velodyne\003303.bin,1.84,.bin
velodyne,semantickitti_extracted\dataset\sequences\00\velodyne\001055.bin,1.91,.bin
velodyne,semantickitti_extracted\dataset\sequences\00\velodyne\001361.bin,1.87,.bin
velodyne,semantickitti_extracted\dataset\sequences\00\velodyne\003938.bin,1.71,.bin
velodyne,semantickitti_extracted\dataset\sequences\00\velodyne\001278.bin,1.88,.bin
velodyne,semantickitti_extracted\dataset\sequences\00\velodyne\000887.bin,2.02,.bin
velodyne,semantickitti_extracted\dataset\sequences\00\velodyne\001952.bin,2.01,.bin
velodyne,semantickitti_extracted\dataset\sequences\00\velodyne\003633.bin,1.87,.bin
velodyne,semantickitti_extracted\dataset\sequences\00\velodyne\002994.bin,1.93,.bin
velodyne,semantickitti_extracted\dataset\sequences\00\velodyne\001878.bin,1.95,.bin
velodyne,semantickitti_extracted\dataset\sequences\00\velodyne\004220.bin,2.01,.bin
velodyne,semantickitti_extracted\dataset\sequences\00\velodyne\000528.bin,1.92,.bin
velodyne,semantickitti_extracted\dataset\sequences\00\velodyne\001069.bin,1.86,.bin
velodyne,semantickitti_extracted\dataset\sequences\00\velodyne\004405.bin,2.01,.bin
velodyne,semantickitti_extracted\dataset\sequences\00\velodyne\000492.bin,1.89,.bin
velodyne,semantickitti_extracted\dataset\sequences\00\velodyne\002040.bin,1.97,.bin
velodyne,semantickitti_extracted\dataset\sequences\00\velodyne\000508.bin,1.95,.bin
velodyne,semantickitti_extracted\dataset\sequences\00\velodyne\003914.bin,1.96,.bin
velodyne,semantickitti_extracted\dataset\sequences\00\velodyne\002787.bin,1.9,.bin
velodyne,semantickitti_extracted\dataset\sequences\00\velodyne\000276.bin,1.97,.bin
velodyne,semantickitti_extracted\dataset\sequences\00\velodyne\001627.bin,1.91,.bin
velodyne,semantickitti_extracted\dataset\sequences\00\velodyne\001932.bin,2.04,.bin
velodyne,semantickitti_extracted\dataset\sequences\00\velodyne\001167.bin,2.03,.bin
velodyne,semantickitti_extracted\dataset\sequences\00\velodyne\002763.bin,1.88,.bin
velodyne,semantickitti_extracted\dataset\sequences\00\velodyne\002589.bin,1.9,.bin
velodyne,semantickitti_extracted\dataset\sequences\00\velodyne\000169.bin,1.94,.bin
velodyne,semantickitti_extracted\dataset\sequences\00\velodyne\003448.bin,1.82,.bin
velodyne,semantickitti_extracted\dataset\sequences\00\velodyne\004387.bin,2.01,.bin
velodyne,semantickitti_extracted\dataset\sequences\00\velodyne\003660.bin,1.91,.bin
velodyne,semantickitti_extracted\dataset\sequences\00\velodyne\001901.bin,2.04,.bin
velodyne,semantickitti_extracted\dataset\sequences\00\velodyne\000312.bin,1.95,.bin
velodyne,semantickitti_extracted\dataset\sequences\00\velodyne\004329.bin,2.04,.bin
velodyne,semantickitti_extracted\dataset\sequences\00\velodyne\000084.bin,1.91,.bin
velodyne,semantickitti_extracted\dataset\sequences\00\velodyne\000654.bin,1.86,.bin
velodyne,semantickitti_extracted\dataset\sequences\00\velodyne\003896.bin,1.89,.bin
velodyne,semantickitti_extracted\dataset\sequences\00\velodyne\004421.bin,2.01,.bin
velodyne,semantickitti_extracted\dataset\sequences\00\velodyne\001935.bin,2.04,.bin
velodyne,semantickitti_extracted\dataset\sequences\00\velodyne\002946.bin,1.98,.bin
velodyne,semantickitti_extracted\dataset\sequences\00\velodyne\001517.bin,1.84,.bin
velodyne,semantickitti_extracted\dataset\sequences\00\velodyne\002984.bin,2.0,.bin
velodyne,semantickitti_extracted\dataset\sequences\00\velodyne\002457.bin,1.96,.bin
velodyne,semantickitti_extracted\dataset\sequences\00\velodyne\000648.bin,1.92,.bin
velodyne,semantickitti_extracted\dataset\sequences\00\velodyne\001433.bin,1.85,.bin
velodyne,semantickitti_extracted\dataset\sequences\00\velodyne\001585.bin,1.91,.bin
velodyne,semantickitti_extracted\dataset\sequences\00\velodyne\003521.bin,1.94,.bin
velodyne,semantickitti_extracted\dataset\sequences\00\velodyne\001904.bin,2.04,.bin
velodyne,semantickitti_extracted\dataset\sequences\00\velodyne\004315.bin,2.03,.bin
velodyne,semantickitti_extracted\dataset\sequences\00\velodyne\001967.bin,2.02,.bin
velodyne,semantickitti_extracted\dataset\sequences\00\velodyne\003052.bin,1.94,.bin
velodyne,semantickitti_extracted\dataset\sequences\00\velodyne\002128.bin,2.03,.bin
velodyne,semantickitti_extracted\dataset\sequences\00\velodyne\001041.bin,1.89,.bin
velodyne,semantickitti_extracted\dataset\sequences\00\velodyne\000822.bin,2.02,.bin
velodyne,semantickitti_extracted\dataset\sequences\00\velodyne\004374.bin,2.0,.bin
velodyne,semantickitti_extracted\dataset\sequences\00\velodyne\004162.bin,2.03,.bin
velodyne,semantickitti_extracted\dataset\sequences\00\velodyne\001831.bin,1.9,.bin
velodyne,semantickitti_extracted\dataset\sequences\00\velodyne\003102.bin,1.89,.bin
velodyne,semantickitti_extracted\dataset\sequences\00\velodyne\002226.bin,2.0,.bin
velodyne,semantickitti_extracted\dataset\sequences\00\velodyne\002907.bin,2.02,.bin
velodyne,semantickitti_extracted\dataset\sequences\00\velodyne\000954.bin,1.93,.bin
velodyne,semantickitti_extracted\dataset\sequences\00\velodyne\001030.bin,1.63,.bin
velodyne,semantickitti_extracted\dataset\sequences\00\velodyne\000329.bin,1.92,.bin
velodyne,semantickitti_extracted\dataset\sequences\00\velodyne\003516.bin,1.93,.bin
velodyne,semantickitti_extracted\dataset\sequences\00\velodyne\002665.bin,1.87,.bin
velodyne,semantickitti_extracted\dataset\sequences\00\velodyne\004061.bin,1.98,.bin
velodyne,semantickitti_extracted\dataset\sequences\00\velodyne\004369.bin,2.02,.bin
velodyne,semantickitti_extracted\dataset\sequences\00\velodyne\003584.bin,1.88,.bin
velodyne,semantickitti_extracted\dataset\sequences\00\velodyne\004375.bin,2.0,.bin
velodyne,semantickitti_extracted\dataset\sequences\00\velodyne\002625.bin,1.96,.bin
velodyne,semantickitti_extracted\dataset\sequences\00\velodyne\001846.bin,2.0,.bin
velodyne,semantickitti_extracted\dataset\sequences\00\velodyne\002752.bin,1.94,.bin
velodyne,semantickitti_extracted\dataset\sequences\00\velodyne\004174.bin,2.02,.bin
velodyne,semantickitti_extracted\dataset\sequences\00\velodyne\003600.bin,1.92,.bin
velodyne,semantickitti_extracted\dataset\sequences\00\velodyne\003639.bin,1.81,.bin
velodyne,semantickitti_extracted\dataset\sequences\00\velodyne\001229.bin,1.98,.bin
velodyne,semantickitti_extracted\dataset\sequences\00\velodyne\004016.bin,1.94,.bin
velodyne,semantickitti_extracted\dataset\sequences\00\velodyne\001476.bin,1.8,.bin
velodyne,semantickitti_extracted\dataset\sequences\00\velodyne\003167.bin,1.9,.bin
velodyne,semantickitti_extracted\dataset\sequences\00\velodyne\002465.bin,1.97,.bin
velodyne,semantickitti_extracted\dataset\sequences\00\velodyne\001102.bin,1.93,.bin
velodyne,semantickitti_extracted\dataset\sequences\00\velodyne\002680.bin,1.93,.bin
velodyne,semantickitti_extracted\dataset\sequences\00\velodyne\003979.bin,2.01,.bin
velodyne,semantickitti_extracted\dataset\sequences\00\velodyne\000381.bin,1.97,.bin
velodyne,semantickitti_extracted\dataset\sequences\00\velodyne\000535.bin,1.93,.bin
velodyne,semantickitti_extracted\dataset\sequences\00\velodyne\003261.bin,1.89,.bin
velodyne,semantickitti_extracted\dataset\sequences\00\velodyne\003429.bin,1.97,.bin
velodyne,semantickitti_extracted\dataset\sequences\00\velodyne\002215.bin,1.93,.bin
velodyne,semantickitti_extracted\dataset\sequences\00\velodyne\002791.bin,1.85,.bin
velodyne,semantickitti_extracted\dataset\sequences\00\velodyne\001148.bin,2.0,.bin
velodyne,semantickitti_extracted\dataset\sequences\00\velodyne\004394.bin,2.02,.bin
velodyne,semantickitti_extracted\dataset\sequences\00\velodyne\004339.bin,2.04,.bin
velodyne,semantickitti_extracted\dataset\sequences\00\velodyne\002559.bin,1.98,.bin
velodyne,semantickitti_extracted\dataset\sequences\00\velodyne\000637.bin,1.91,.bin
velodyne,semantickitti_extracted\dataset\sequences\00\velodyne\002143.bin,1.96,.bin
velodyne,semantickitti_extracted\dataset\sequences\00\velodyne\000008.bin,1.95,.bin
velodyne,semantickitti_extracted\dataset\sequences\00\velodyne\001132.bin,1.98,.bin
velodyne,semantickitti_extracted\dataset\sequences\00\velodyne\000121.bin,1.95,.bin
velodyne,semantickitti_extracted\dataset\sequences\00\velodyne\004381.bin,2.0,.bin
velodyne,semantickitti_extracted\dataset\sequences\00\velodyne\001312.bin,1.91,.bin
velodyne,semantickitti_extracted\dataset\sequences\00\velodyne\004440.bin,2.01,.bin
velodyne,semantickitti_extracted\dataset\sequences\00\velodyne\000037.bin,1.96,.bin
velodyne,semantickitti_extracted\dataset\sequences\00\velodyne\001884.bin,2.02,.bin
velodyne,semantickitti_extracted\dataset\sequences\00\velodyne\003053.bin,1.91,.bin
velodyne,semantickitti_extracted\dataset\sequences\00\velodyne\001198.bin,1.99,.bin
velodyne,semantickitti_extracted\dataset\sequences\00\velodyne\001260.bin,1.98,.bin
velodyne,semantickitti_extracted\dataset\sequences\00\velodyne\000952.bin,1.92,.bin
velodyne,semantickitti_extracted\dataset\sequences\00\velodyne\002647.bin,1.83,.bin
velodyne,semantickitti_extracted\dataset\sequences\00\velodyne\001495.bin,1.91,.bin
velodyne,semantickitti_extracted\dataset\sequences\00\velodyne\001471.bin,1.79,.bin
velodyne,semantickitti_extracted\dataset\sequences\00\velodyne\004399.bin,2.01,.bin
velodyne,semantickitti_extracted\dataset\sequences\00\velodyne\000888.bin,2.02,.bin
velodyne,semantickitti_extracted\dataset\sequences\00\velodyne\001724.bin,1.99,.bin
velodyne,semantickitti_extracted\dataset\sequences\00\velodyne\000855.bin,1.98,.bin
velodyne,semantickitti_extracted\dataset\sequences\00\velodyne\004379.bin,2.0,.bin
velodyne,semantickitti_extracted\dataset\sequences\00\velodyne\003420.bin,1.96,.bin
velodyne,semantickitti_extracted\dataset\sequences\00\velodyne\001860.bin,1.97,.bin
velodyne,semantickitti_extracted\dataset\sequences\00\velodyne\002262.bin,1.99,.bin
velodyne,semantickitti_extracted\dataset\sequences\00\velodyne\000965.bin,1.95,.bin
velodyne,semantickitti_extracted\dataset\sequences\00\velodyne\001531.bin,1.91,.bin
velodyne,semantickitti_extracted\dataset\sequences\00\velodyne\003397.bin,1.98,.bin
velodyne,semantickitti_extracted\dataset\sequences\00\velodyne\001586.bin,1.93,.bin
velodyne,semantickitti_extracted\dataset\sequences\00\velodyne\002977.bin,1.98,.bin
velodyne,semantickitti_extracted\dataset\sequences\00\velodyne\000383.bin,1.97,.bin
velodyne,semantickitti_extracted\dataset\sequences\00\velodyne\004458.bin,1.94,.bin
velodyne,semantickitti_extracted\dataset\sequences\00\velodyne\003650.bin,1.94,.bin
velodyne,semantickitti_extracted\dataset\sequences\00\velodyne\002917.bin,1.97,.bin
velodyne,semantickitti_extracted\dataset\sequences\00\velodyne\000658.bin,1.91,.bin
velodyne,semantickitti_extracted\dataset\sequences\00\velodyne\003003.bin,1.88,.bin
velodyne,semantickitti_extracted\dataset\sequences\00\velodyne\000540.bin,1.93,.bin
velodyne,semantickitti_extracted\dataset\sequences\00\velodyne\002833.bin,1.93,.bin
velodyne,semantickitti_extracted\dataset\sequences\00\velodyne\002292.bin,1.96,.bin
velodyne,semantickitti_extracted\dataset\sequences\00\velodyne\003590.bin,1.9,.bin
velodyne,semantickitti_extracted\dataset\sequences\00\velodyne\001819.bin,1.92,.bin
velodyne,semantickitti_extracted\dataset\sequences\00\velodyne\001327.bin,1.86,.bin
velodyne,semantickitti_extracted\dataset\sequences\00\velodyne\003513.bin,1.96,.bin
velodyne,semantickitti_extracted\dataset\sequences\00\velodyne\000280.bin,1.9,.bin
velodyne,semantickitti_extracted\dataset\sequences\00\velodyne\001179.bin,2.03,.bin
velodyne,semantickitti_extracted\dataset\sequences\00\velodyne\003424.bin,1.96,.bin
velodyne,semantickitti_extracted\dataset\sequences\00\velodyne\004478.bin,1.98,.bin
velodyne,semantickitti_extracted\dataset\sequences\00\velodyne\001657.bin,1.92,.bin
velodyne,semantickitti_extracted\dataset\sequences\00\velodyne\002720.bin,1.88,.bin
velodyne,semantickitti_extracted\dataset\sequences\00\velodyne\001410.bin,1.91,.bin
velodyne,semantickitti_extracted\dataset\sequences\00\velodyne\000906.bin,1.8,.bin
velodyne,semantickitti_extracted\dataset\sequences\00\velodyne\001601.bin,2.01,.bin
velodyne,semantickitti_extracted\dataset\sequences\00\velodyne\002032.bin,2.01,.bin
velodyne,semantickitti_extracted\dataset\sequences\00\velodyne\001933.bin,2.04,.bin
velodyne,semantickitti_extracted\dataset\sequences\00\velodyne\001025.bin,1.81,.bin
velodyne,semantickitti_extracted\dataset\sequences\00\velodyne\001667.bin,2.0,.bin
velodyne,semantickitti_extracted\dataset\sequences\00\velodyne\002710.bin,1.89,.bin
velodyne,semantickitti_extracted\dataset\sequences\00\velodyne\003855.bin,1.86,.bin
velodyne,semantickitti_extracted\dataset\sequences\00\velodyne\002430.bin,2.0,.bin
velodyne,semantickitti_extracted\dataset\sequences\00\velodyne\004271.bin,2.03,.bin
velodyne,semantickitti_extracted\dataset\sequences\00\velodyne\001431.bin,1.85,.bin
velodyne,semantickitti_extracted\dataset\sequences\00\velodyne\002336.bin,1.93,.bin
velodyne,semantickitti_extracted\dataset\sequences\00\velodyne\000583.bin,1.92,.bin
velodyne,semantickitti_extracted\dataset\sequences\00\velodyne\002375.bin,1.95,.bin
velodyne,semantickitti_extracted\dataset\sequences\00\velodyne\000657.bin,1.91,.bin
velodyne,semantickitti_extracted\dataset\sequences\00\velodyne\001548.bin,1.93,.bin
velodyne,semantickitti_extracted\dataset\sequences\00\velodyne\001078.bin,1.84,.bin
velodyne,semantickitti_extracted\dataset\sequences\00\velodyne\001676.bin,2.01,.bin
velodyne,semantickitti_extracted\dataset\sequences\00\velodyne\000191.bin,1.97,.bin
velodyne,semantickitti_extracted\dataset\sequences\00\velodyne\001371.bin,1.91,.bin
velodyne,semantickitti_extracted\dataset\sequences\00\velodyne\001214.bin,2.0,.bin
velodyne,semantickitti_extracted\dataset\sequences\00\velodyne\000206.bin,1.97,.bin
velodyne,semantickitti_extracted\dataset\sequences\00\velodyne\000746.bin,1.98,.bin
velodyne,semantickitti_extracted\dataset\sequences\00\velodyne\002719.bin,1.87,.bin
velodyne,semantickitti_extracted\dataset\sequences\00\velodyne\003981.bin,2.01,.bin
velodyne,semantickitti_extracted\dataset\sequences\00\velodyne\003110.bin,1.95,.bin
velodyne,semantickitti_extracted\dataset\sequences\00\velodyne\000022.bin,1.99,.bin
velodyne,semantickitti_extracted\dataset\sequences\00\velodyne\000357.bin,1.88,.bin
velodyne,semantickitti_extracted\dataset\sequences\00\velodyne\003695.bin,1.93,.bin
velodyne,semantickitti_extracted\dataset\sequences\00\velodyne\003139.bin,2.01,.bin
velodyne,semantickitti_extracted\dataset\sequences\00\velodyne\004152.bin,2.0,.bin
velodyne,semantickitti_extracted\dataset\sequences\00\velodyne\003668.bin,1.92,.bin
velodyne,semantickitti_extracted\dataset\sequences\00\velodyne\002611.bin,1.96,.bin
velodyne,semantickitti_extracted\dataset\sequences\00\velodyne\001405.bin,1.92,.bin
velodyne,semantickitti_extracted\dataset\sequences\00\velodyne\003766.bin,2.03,.bin
velodyne,semantickitti_extracted\dataset\sequences\00\velodyne\002641.bin,1.9,.bin
velodyne,semantickitti_extracted\dataset\sequences\00\velodyne\004178.bin,2.0,.bin
velodyne,semantickitti_extracted\dataset\sequences\00\velodyne\001857.bin,1.99,.bin
velodyne,semantickitti_extracted\dataset\sequences\00\velodyne\004354.bin,2.04,.bin
velodyne,semantickitti_extracted\dataset\sequences\00\velodyne\003204.bin,1.95,.bin
velodyne,semantickitti_extracted\dataset\sequences\00\velodyne\001240.bin,1.97,.bin
velodyne,semantickitti_extracted\dataset\sequences\00\velodyne\003123.bin,1.94,.bin
velodyne,semantickitti_extracted\dataset\sequences\00\velodyne\003369.bin,1.97,.bin
velodyne,semantickitti_extracted\dataset\sequences\00\velodyne\001016.bin,2.0,.bin
velodyne,semantickitti_extracted\dataset\sequences\00\velodyne\004164.bin,2.03,.bin
velodyne,semantickitti_extracted\dataset\sequences\00\velodyne\003227.bin,1.83,.bin
velodyne,semantickitti_extracted\dataset\sequences\00\velodyne\002395.bin,1.99,.bin
velodyne,semantickitti_extracted\dataset\sequences\00\velodyne\000704.bin,1.95,.bin
velodyne,semantickitti_extracted\dataset\sequences\00\velodyne\000682.bin,1.88,.bin
velodyne,semantickitti_extracted\dataset\sequences\00\velodyne\002010.bin,2.0,.bin
velodyne,semantickitti_extracted\dataset\sequences\00\velodyne\004023.bin,1.99,.bin
velodyne,semantickitti_extracted\dataset\sequences\00\velodyne\000432.bin,1.97,.bin
velodyne,semantickitti_extracted\dataset\sequences\00\velodyne\000738.bin,1.96,.bin
velodyne,semantickitti_extracted\dataset\sequences\00\velodyne\003691.bin,1.9,.bin
velodyne,semantickitti_extracted\dataset\sequences\00\velodyne\002723.bin,1.88,.bin
velodyne,semantickitti_extracted\dataset\sequences\00\velodyne\001163.bin,2.03,.bin
velodyne,semantickitti_extracted\dataset\sequences\00\velodyne\003507.bin,1.99,.bin
velodyne,semantickitti_extracted\dataset\sequences\00\velodyne\003836.bin,1.98,.bin
velodyne,semantickitti_extracted\dataset\sequences\00\velodyne\000150.bin,1.96,.bin
velodyne,semantickitti_extracted\dataset\sequences\00\velodyne\001698.bin,2.01,.bin
velodyne,semantickitti_extracted\dataset\sequences\00\velodyne\001522.bin,1.82,.bin
velodyne,semantickitti_extracted\dataset\sequences\00\velodyne\003902.bin,1.93,.bin
velodyne,semantickitti_extracted\dataset\sequences\00\velodyne\003214.bin,1.9,.bin
velodyne,semantickitti_extracted\dataset\sequences\00\velodyne\001505.bin,1.78,.bin
velodyne,semantickitti_extracted\dataset\sequences\00\velodyne\001116.bin,1.97,.bin
velodyne,semantickitti_extracted\dataset\sequences\00\velodyne\001482.bin,1.84,.bin
velodyne,semantickitti_extracted\dataset\sequences\00\velodyne\002928.bin,2.01,.bin
velodyne,semantickitti_extracted\dataset\sequences\00\velodyne\002943.bin,1.99,.bin
velodyne,semantickitti_extracted\dataset\sequences\00\velodyne\003395.bin,1.97,.bin
velodyne,semantickitti_extracted\dataset\sequences\00\velodyne\002822.bin,1.93,.bin
velodyne,semantickitti_extracted\dataset\sequences\00\velodyne\004349.bin,2.04,.bin
velodyne,semantickitti_extracted\dataset\sequences\00\velodyne\002319.bin,1.93,.bin
velodyne,semantickitti_extracted\dataset\sequences\00\velodyne\000036.bin,1.96,.bin
velodyne,semantickitti_extracted\dataset\sequences\00\velodyne\001750.bin,1.99,.bin
velodyne,semantickitti_extracted\dataset\sequences\00\velodyne\001861.bin,1.97,.bin
velodyne,semantickitti_extracted\dataset\sequences\00\velodyne\001637.bin,1.94,.bin
velodyne,semantickitti_extracted\dataset\sequences\00\velodyne\003598.bin,1.91,.bin
velodyne,semantickitti_extracted\dataset\sequences\00\velodyne\004210.bin,2.02,.bin
velodyne,semantickitti_extracted\dataset\sequences\00\velodyne\002705.bin,1.91,.bin
velodyne,semantickitti_extracted\dataset\sequences\00\velodyne\003374.bin,1.98,.bin
velodyne,semantickitti_extracted\dataset\sequences\00\velodyne\001264.bin,1.98,.bin
velodyne,semantickitti_extracted\dataset\sequences\00\velodyne\001683.bin,1.92,.bin
velodyne,semantickitti_extracted\dataset\sequences\00\velodyne\002141.bin,1.99,.bin
velodyne,semantickitti_extracted\dataset\sequences\00\velodyne\000586.bin,1.89,.bin
velodyne,semantickitti_extracted\dataset\sequences\00\velodyne\000350.bin,1.91,.bin
velodyne,semantickitti_extracted\dataset\sequences\00\velodyne\000886.bin,2.02,.bin
velodyne,semantickitti_extracted\dataset\sequences\00\velodyne\003602.bin,1.9,.bin
velodyne,semantickitti_extracted\dataset\sequences\00\velodyne\003280.bin,1.93,.bin
velodyne,semantickitti_extracted\dataset\sequences\00\velodyne\003178.bin,1.94,.bin
velodyne,semantickitti_extracted\dataset\sequences\00\velodyne\002116.bin,2.02,.bin
velodyne,semantickitti_extracted\dataset\sequences\00\velodyne\002551.bin,1.87,.bin
velodyne,semantickitti_extracted\dataset\sequences\00\velodyne\002303.bin,1.98,.bin
velodyne,semantickitti_extracted\dataset\sequences\00\velodyne\000564.bin,1.94,.bin
velodyne,semantickitti_extracted\dataset\sequences\00\velodyne\003256.bin,1.93,.bin
velodyne,semantickitti_extracted\dataset\sequences\00\velodyne\001605.bin,2.02,.bin
velodyne,semantickitti_extracted\dataset\sequences\00\velodyne\000356.bin,1.86,.bin
velodyne,semantickitti_extracted\dataset\sequences\00\velodyne\001599.bin,1.99,.bin
velodyne,semantickitti_extracted\dataset\sequences\00\velodyne\003412.bin,1.96,.bin
velodyne,semantickitti_extracted\dataset\sequences\00\velodyne\001720.bin,2.0,.bin
velodyne,semantickitti_extracted\dataset\sequences\00\velodyne\002509.bin,1.9,.bin
velodyne,semantickitti_extracted\dataset\sequences\00\velodyne\001858.bin,1.98,.bin
velodyne,semantickitti_extracted\dataset\sequences\00\velodyne\004289.bin,2.03,.bin
velodyne,semantickitti_extracted\dataset\sequences\00\velodyne\000623.bin,1.93,.bin
velodyne,semantickitti_extracted\dataset\sequences\00\velodyne\002036.bin,1.98,.bin
velodyne,semantickitti_extracted\dataset\sequences\00\velodyne\004403.bin,2.01,.bin
velodyne,semantickitti_extracted\dataset\sequences\00\velodyne\003810.bin,1.98,.bin
velodyne,semantickitti_extracted\dataset\sequences\00\velodyne\003056.bin,1.83,.bin
velodyne,semantickitti_extracted\dataset\sequences\00\velodyne\003879.bin,1.88,.bin
velodyne,semantickitti_extracted\dataset\sequences\00\velodyne\001579.bin,1.84,.bin
velodyne,semantickitti_extracted\dataset\sequences\00\velodyne\001697.bin,2.0,.bin
velodyne,semantickitti_extracted\dataset\sequences\00\velodyne\003887.bin,1.91,.bin
velodyne,semantickitti_extracted\dataset\sequences\00\velodyne\000358.bin,1.9,.bin
velodyne,semantickitti_extracted\dataset\sequences\00\velodyne\003840.bin,1.99,.bin
velodyne,semantickitti_extracted\dataset\sequences\00\velodyne\001769.bin,2.0,.bin
velodyne,semantickitti_extracted\dataset\sequences\00\velodyne\001054.bin,1.88,.bin
velodyne,semantickitti_extracted\dataset\sequences\00\velodyne\001472.bin,1.78,.bin
velodyne,semantickitti_extracted\dataset\sequences\00\velodyne\000044.bin,1.87,.bin
velodyne,semantickitti_extracted\dataset\sequences\00\velodyne\000773.bin,1.9,.bin
velodyne,semantickitti_extracted\dataset\sequences\00\velodyne\002147.bin,2.0,.bin
velodyne,semantickitti_extracted\dataset\sequences\00\velodyne\001378.bin,1.93,.bin
velodyne,semantickitti_extracted\dataset\sequences\00\velodyne\001286.bin,1.77,.bin
velodyne,semantickitti_extracted\dataset\sequences\00\velodyne\002882.bin,1.89,.bin
velodyne,semantickitti_extracted\dataset\sequences\00\velodyne\000429.bin,1.97,.bin
velodyne,semantickitti_extracted\dataset\sequences\00\velodyne\001165.bin,2.03,.bin
velodyne,semantickitti_extracted\dataset\sequences\00\velodyne\002502.bin,1.85,.bin
velodyne,semantickitti_extracted\dataset\sequences\00\velodyne\003916.bin,1.96,.bin
velodyne,semantickitti_extracted\dataset\sequences\00\velodyne\002345.bin,1.88,.bin
velodyne,semantickitti_extracted\dataset\sequences\00\velodyne\003080.bin,1.84,.bin
velodyne,semantickitti_extracted\dataset\sequences\00\velodyne\000160.bin,2.02,.bin
velodyne,semantickitti_extracted\dataset\sequences\00\velodyne\003542.bin,1.93,.bin
velodyne,semantickitti_extracted\dataset\sequences\00\velodyne\003143.bin,2.01,.bin
velodyne,semantickitti_extracted\dataset\sequences\00\velodyne\003678.bin,1.91,.bin
velodyne,semantickitti_extracted\dataset\sequences\00\velodyne\001939.bin,2.04,.bin
velodyne,semantickitti_extracted\dataset\sequences\00\velodyne\001086.bin,1.91,.bin
velodyne,semantickitti_extracted\dataset\sequences\00\velodyne\002212.bin,1.93,.bin
velodyne,semantickitti_extracted\dataset\sequences\00\velodyne\003482.bin,1.88,.bin
velodyne,semantickitti_extracted\dataset\sequences\00\velodyne\000640.bin,1.91,.bin
velodyne,semantickitti_extracted\dataset\sequences\00\velodyne\001204.bin,1.96,.bin
velodyne,semantickitti_extracted\dataset\sequences\00\velodyne\000905.bin,1.81,.bin
velodyne,semantickitti_extracted\dataset\sequences\00\velodyne\000266.bin,2.02,.bin
velodyne,semantickitti_extracted\dataset\sequences\00\velodyne\000462.bin,1.99,.bin
velodyne,semantickitti_extracted\dataset\sequences\00\velodyne\004453.bin,1.99,.bin
velodyne,semantickitti_extracted\dataset\sequences\00\velodyne\002486.bin,1.95,.bin
velodyne,semantickitti_extracted\dataset\sequences\00\velodyne\004079.bin,1.98,.bin
velodyne,semantickitti_extracted\dataset\sequences\00\velodyne\002307.bin,1.98,.bin
velodyne,semantickitti_extracted\dataset\sequences\00\velodyne\002517.bin,1.89,.bin
velodyne,semantickitti_extracted\dataset\sequences\00\velodyne\002743.bin,1.87,.bin
velodyne,semantickitti_extracted\dataset\sequences\00\velodyne\002721.bin,1.88,.bin
velodyne,semantickitti_extracted\dataset\sequences\00\velodyne\003967.bin,2.0,.bin
velodyne,semantickitti_extracted\dataset\sequences\00\velodyne\003349.bin,1.97,.bin
velodyne,semantickitti_extracted\dataset\sequences\00\velodyne\001926.bin,2.03,.bin
velodyne,semantickitti_extracted\dataset\sequences\00\velodyne\002843.bin,1.87,.bin
velodyne,semantickitti_extracted\dataset\sequences\00\velodyne\002239.bin,2.0,.bin
velodyne,semantickitti_extracted\dataset\sequences\00\velodyne\001790.bin,2.01,.bin
velodyne,semantickitti_extracted\dataset\sequences\00\velodyne\003862.bin,1.99,.bin
velodyne,semantickitti_extracted\dataset\sequences\00\velodyne\001374.bin,1.92,.bin
velodyne,semantickitti_extracted\dataset\sequences\00\velodyne\001333.bin,1.95,.bin
velodyne,semantickitti_extracted\dataset\sequences\00\velodyne\001249.bin,1.97,.bin
velodyne,semantickitti_extracted\dataset\sequences\00\velodyne\002196.bin,1.99,.bin
velodyne,semantickitti_extracted\dataset\sequences\00\velodyne\001768.bin,2.01,.bin
velodyne,semantickitti_extracted\dataset\sequences\00\velodyne\004170.bin,2.03,.bin
velodyne,semantickitti_extracted\dataset\sequences\00\velodyne\001617.bin,1.86,.bin
velodyne,semantickitti_extracted\dataset\sequences\00\velodyne\001442.bin,1.87,.bin
velodyne,semantickitti_extracted\dataset\sequences\00\velodyne\001114.bin,1.98,.bin
velodyne,semantickitti_extracted\dataset\sequences\00\velodyne\000498.bin,1.05,.bin
weather,scraped\weather\metadata.xml,0.0,.xml
weather,scraped\weather\abstract_page.html,0.04,.html
weather,scraped\weather\paper.pdf,2.77,.pdf
weather,scraped\weather\scrape_result.json,0.0,.json
weather_arxiv,weather_arxiv\metadata.xml,0.0,.xml
weather_arxiv,weather_arxiv\abstract_page.html,0.04,.html
weather_arxiv,weather_arxiv\paper.pdf,2.77,.pdf
weather_paper,weather_paper\metadata.xml,0.0,.xml
weather_paper,weather_paper\abstract_page.html,0.04,.html
weather_paper,weather_paper\scrape_result.json,0.0,.json
weather_paper,weather_paper\paper.pdf,2.77,.pdf
weather_robustness,scraped\arxiv\weather_robustness\metadata.xml,0.0,.xml
weather_robustness,scraped\arxiv\weather_robustness\abstract_page.html,0.04,.html
weather_robustness,scraped\arxiv\weather_robustness\scrape_result.json,0.0,.json
weather_robustness,scraped\arxiv\weather_robustness\paper.pdf,2.77,.pdf
weather_robustness,crawled\weather_robustness\robustness_search.xml,0.05,.xml
weather_robustness,crawled\weather_robustness\related_papers.json,0.0,.json
